INSERT INTO SALA (Capacidad) VALUES 
(56), -- Sala 1
(56), -- Sala 2
(56), -- Sala 3
(56), -- Sala 4
(56); -- Sala 5

INSERT INTO Asiento (Fila, Numero, ID_Sala) VALUES 
--SALA 1
('A', 1, 1), ('A', 2, 1), ('A', 3, 1), ('A', 4, 1), ('A', 5, 1), ('A', 6, 1), ('A', 7, 1), ('A', 8, 1), ('A', 9, 1), ('A', 10, 1), ('A', 11, 1), 
('B', 1, 1), ('B', 2, 1), ('B', 3, 1), ('B', 4, 1), ('B', 5, 1), ('B', 6, 1), ('B', 7, 1), ('B', 8, 1), ('B', 9, 1), 
('C', 1, 1), ('C', 2, 1), ('C', 3, 1), ('C', 4, 1), ('C', 5, 1), ('C', 6, 1), ('C', 7, 1), ('C', 8, 1), ('C', 9, 1),
('D', 1, 1), ('D', 2, 1), ('D', 3, 1), ('D', 4, 1), ('D', 5, 1), ('D', 6, 1), ('D', 7, 1), ('D', 8, 1), ('D', 9, 1), 
('E', 1, 1), ('E', 2, 1), ('E', 3, 1), ('E', 4, 1), ('E', 5, 1), ('E', 6, 1), ('E', 7, 1), ('E', 8, 1), ('E', 9, 1),
('F', 1, 1), ('F', 2, 1), ('F', 3, 1), ('F', 4, 1), ('F', 5, 1), ('F', 6, 1), ('F', 7, 1), ('F', 8, 1), ('F', 9, 1),
--SALA 2
('A', 1, 2), ('A', 2, 2), ('A', 3, 2), ('A', 4, 2), ('A', 5, 2), ('A', 6, 2), ('A', 7, 2), ('A', 8, 2), ('A', 9, 2), ('A', 10, 2), ('A', 11, 2),
('B', 1, 2), ('B', 2, 2), ('B', 3, 2), ('B', 4, 2), ('B', 5, 2), ('B', 6, 2), ('B', 7, 2), ('B', 8, 2), ('B', 9, 2),
('C', 1, 2), ('C', 2, 2), ('C', 3, 2), ('C', 4, 2), ('C', 5, 2), ('C', 6, 2), ('C', 7, 2), ('C', 8, 2), ('C', 9, 2),
('D', 1, 2), ('D', 2, 2), ('D', 3, 2), ('D', 4, 2), ('D', 5, 2), ('D', 6, 2), ('D', 7, 2), ('D', 8, 2), ('D', 9, 2),
('E', 1, 2), ('E', 2, 2), ('E', 3, 2), ('E', 4, 2), ('E', 5, 2), ('E', 6, 2), ('E', 7, 2), ('E', 8, 2), ('E', 9, 2),
('F', 1, 2), ('F', 2, 2), ('F', 3, 2), ('F', 4, 2), ('F', 5, 2), ('F', 6, 2), ('F', 7, 2), ('F', 8, 2), ('F', 9, 2),

--SALA 3
('A', 1, 3), ('A', 2, 3), ('A', 3, 3), ('A', 4, 3), ('A', 5, 3), ('A', 6, 3), ('A', 7, 3), ('A', 8, 3), ('A', 9, 3), ('A', 10, 3), ('A', 11, 3),
('B', 1, 3), ('B', 2, 3), ('B', 3, 3), ('B', 4, 3), ('B', 5, 3), ('B', 6, 3), ('B', 7, 3), ('B', 8, 3), ('B', 9, 3),
('C', 1, 3), ('C', 2, 3), ('C', 3, 3), ('C', 4, 3), ('C', 5, 3), ('C', 6, 3), ('C', 7, 3), ('C', 8, 3), ('C', 9, 3),
('D', 1, 3), ('D', 2, 3), ('D', 3, 3), ('D', 4, 3), ('D', 5, 3), ('D', 6, 3), ('D', 7, 3), ('D', 8, 3), ('D', 9, 3),
('E', 1, 3), ('E', 2, 3), ('E', 3, 3), ('E', 4, 3), ('E', 5, 3), ('E', 6, 3), ('E', 7, 3), ('E', 8, 3), ('E', 9, 3),
('F', 1, 3), ('F', 2, 3), ('F', 3, 3), ('F', 4, 3), ('F', 5, 3), ('F', 6, 3), ('F', 7, 3), ('F', 8, 3), ('F', 9, 3),

--SALA 4
('A', 1, 4), ('A', 2, 4), ('A', 3, 4), ('A', 4, 4), ('A', 5, 4), ('A', 6, 4), ('A', 7, 4), ('A', 8, 4), ('A', 9, 4), ('A', 10, 4), ('A', 11, 4),
('B', 1, 4), ('B', 2, 4), ('B', 3, 4), ('B', 4, 4), ('B', 5, 4), ('B', 6, 4), ('B', 7, 4), ('B', 8, 4), ('B', 9, 4),
('C', 1, 4), ('C', 2, 4), ('C', 3, 4), ('C', 4, 4), ('C', 5, 4), ('C', 6, 4), ('C', 7, 4), ('C', 8, 4), ('C', 9, 4),
('D', 1, 4), ('D', 2, 4), ('D', 3, 4), ('D', 4, 4), ('D', 5, 4), ('D', 6, 4), ('D', 7, 4), ('D', 8, 4), ('D', 9, 4),
('E', 1, 4), ('E', 2, 4), ('E', 3, 4), ('E', 4, 4), ('E', 5, 4), ('E', 6, 4), ('E', 7, 4), ('E', 8, 4), ('E', 9, 4),
('F', 1, 4), ('F', 2, 4), ('F', 3, 4), ('F', 4, 4), ('F', 5, 4), ('F', 6, 4), ('F', 7, 4), ('F', 8, 4), ('F', 9, 4),

--SALA 5
('A', 1, 5), ('A', 2, 5), ('A', 3, 5), ('A', 4, 5), ('A', 5, 5), ('A', 6, 5), ('A', 7, 5), ('A', 8, 5), ('A', 9, 5), ('A', 10, 5), ('A', 11, 5),
('B', 1, 5), ('B', 2, 5), ('B', 3, 5), ('B', 4, 5), ('B', 5, 5), ('B', 6, 5), ('B', 7, 5), ('B', 8, 5), ('B', 9, 5),
('C', 1, 5), ('C', 2, 5), ('C', 3, 5), ('C', 4, 5), ('C', 5, 5), ('C', 6, 5), ('C', 7, 5), ('C', 8, 5), ('C', 9, 5),
('D', 1, 5), ('D', 2, 5), ('D', 3, 5), ('D', 4, 5), ('D', 5, 5), ('D', 6, 5), ('D', 7, 5), ('D', 8, 5), ('D', 9, 5),
('E', 1, 5), ('E', 2, 5), ('E', 3, 5), ('E', 4, 5), ('E', 5, 5), ('E', 6, 5), ('E', 7, 5), ('E', 8, 5), ('E', 9, 5),
('F', 1, 5), ('F', 2, 5), ('F', 3, 5), ('F', 4, 5), ('F', 5, 5), ('F', 6, 5), ('F', 7, 5), ('F', 8, 5), ('F', 9, 5);


INSERT INTO Pelicula (Nombre, Clasificacion, Duracion, Descripcion) VALUES 
('El Guasón 2', 'PG-13', 135, 'Película de drama y suspenso.'),
('Los Increíbles 3', 'PG', 115, 'Película animada de superhéroes.'),
('Star Wars: Episodio X', 'PG-13', 145, 'Película de ciencia ficción.'),
('El Conjuro 4', 'R', 120, 'Película de terror sobrenatural.'),
('Avengers: Endgame 2', 'PG-13', 180, 'Película de acción y aventura.');

INSERT INTO Sesion (Fecha_Inicio, Fecha_Fin, Estado, OrigenCSV, GrupoCSV, ID_Sala, ID_Pelicula) VALUES 
('2024-10-10 14:00', '2024-10-10 16:15', 'Activa', 0, NULL, 1, 1),
('2024-10-10 17:00', '2024-10-10 19:35', 'Activa', 0, NULL, 2, 2),
('2024-10-11 15:30', '2024-10-11 18:35', 'Activa', 0, NULL, 3, 3),
('2024-10-11 20:00', '2024-10-11 22:00', 'Activa', 0, NULL, 4, 4),
('2024-10-12 13:00', '2024-10-12 16:00', 'Inactiva', 0, NULL, 5, 5);

INSERT INTO Log_Transaccion (Fecha_Hora, Usuario, Accion, ID_Operacion, Tabla_Cambio, Datos_Anteriores, Datos_Nuevos, Descripcion) VALUES 
('2024-10-09 14:30', 'user1', 'Venta', 1, 'Transaccion', 'N/A', 'Compra de boletos (Transacción 1)', 'Transacción exitosa'),
('2024-10-09 15:00', 'user2', 'Venta', 2, 'Transaccion', 'N/A', 'Compra de boletos (Transacción 2)', 'Transacción exitosa'),
('2024-10-09 15:30', 'user3', 'Venta', 3, 'Transaccion', 'N/A', 'Compra de boletos (Transacción 3)', 'Transacción exitosa'),
('2024-10-09 16:00', 'user1', 'Venta', 4, 'Transaccion', 'N/A', 'Compra de boletos (Transacción 4)', 'Transacción exitosa'),
('2024-10-09 16:30', 'user2', 'Venta', 5, 'Transaccion', 'N/A', 'Compra de boletos (Transacción 5)', 'Transacción exitosa'),
('2024-10-09 17:00', 'user3', 'Venta', 6, 'Transaccion', 'N/A', 'Compra de boletos (Transacción 6)', 'Transacción exitosa'),
('2024-10-09 17:30', 'user1', 'Venta', 7, 'Transaccion', 'N/A', 'Compra de boletos (Transacción 7)', 'Transacción exitosa'),
('2024-10-09 18:00', 'user2', 'Venta', 8, 'Transaccion', 'N/A', 'Compra de boletos (Transacción 8)', 'Transacción exitosa'),
('2024-10-09 18:30', 'user3', 'Venta', 9, 'Transaccion', 'N/A', 'Compra de boletos (Transacción 9)', 'Transacción exitosa'),
('2024-10-09 19:00', 'user1', 'Venta', 10, 'Transaccion', 'N/A', 'Compra de boletos (Transacción 10)', 'Transacción exitosa'),
('2024-10-09 19:30', 'user2', 'Venta', 11, 'Transaccion', 'N/A', 'Compra de boletos (Transacción 11)', 'Transacción exitosa'),
('2024-10-09 20:00', 'user3', 'Venta', 12, 'Transaccion', 'N/A', 'Compra de boletos (Transacción 12)', 'Transacción exitosa'),
('2024-10-09 20:30', 'user1', 'Venta', 13, 'Transaccion', 'N/A', 'Compra de boletos (Transacción 13)', 'Transacción exitosa'),
('2024-10-09 21:00', 'user2', 'Venta', 14, 'Transaccion', 'N/A', 'Compra de boletos (Transacción 14)', 'Transacción exitosa'),
('2024-10-09 21:30', 'user3', 'Venta', 15, 'Transaccion', 'N/A', 'Compra de boletos (Transacción 15)', 'Transacción exitosa'),
('2024-10-09 22:00', 'user1', 'Venta', 16, 'Transaccion', 'N/A', 'Compra de boletos (Transacción 16)', 'Transacción exitosa'),
('2024-10-09 22:30', 'user2', 'Venta', 17, 'Transaccion', 'N/A', 'Compra de boletos (Transacción 17)', 'Transacción exitosa'),
('2024-10-10 09:00', 'user3', 'Venta', 18, 'Transaccion', 'N/A', 'Compra de boletos (Transacción 18)', 'Transacción exitosa'),
('2024-10-10 09:30', 'user1', 'Venta', 19, 'Transaccion', 'N/A', 'Compra de boletos (Transacción 19)', 'Transacción exitosa'),
('2024-10-10 23:30', 'user2', 'Venta', 20, 'Transaccion', 'N/A', 'Compra de boletos (Transacción 20)', 'Transacción exitosa');


INSERT INTO Usuarios (Nombre, Rol, Contraseña) VALUES 
('admin', 'Admin', HASHBYTES('SHA2_256', 'admin123')),
('user1', 'Operador', HASHBYTES('SHA2_256', 'password1')),
('user2', 'Operador', HASHBYTES('SHA2_256', 'password2')),
('user3', 'Operador', HASHBYTES('SHA2_256', 'password3')),
('auditor1', 'Auditor', HASHBYTES('SHA2_256', 'auditpass'));


INSERT INTO Catalogo_Asignacion (Nombre, Detalle) VALUES 
('Automático', 'Asientos asignados automáticamente por el sistema'),
('Manual', 'Usuario selecciona manualmente los asientos');

INSERT INTO Transaccion (Fecha_Hora, Tipo_Transaccion, Cantidad_Asientos, Estado, ID_Usuario, ID_Tipo_Asignacion) VALUES 
('2024-10-09 14:30', 'Venta', 3, 'Completada', 1, 1),
('2024-10-09 15:00', 'Venta', 2, 'Completada', 2, 2),
('2024-10-09 15:30', 'Venta', 4, 'Completada', 3, 1),
('2024-10-09 16:00', 'Venta', 5, 'Completada', 4, 2),
('2024-10-09 16:30', 'Venta', 1, 'Completada', 5, 2),
('2024-10-09 17:30', 'Venta', 3, 'Completada', 2, 1),
('2024-10-09 18:00', 'Venta', 2, 'Completada', 3, 2),
('2024-10-09 18:30', 'Venta', 4, 'Completada', 4, 1),
('2024-10-09 19:00', 'Venta', 1, 'Completada', 5, 2),
('2024-10-09 19:30', 'Venta', 3, 'Completada', 1, 1),
('2024-10-09 20:00', 'Venta', 2, 'Completada', 2, 2),
('2024-10-09 20:30', 'Venta', 5, 'Completada', 3, 1),
('2024-10-09 21:00', 'Venta', 1, 'Completada', 4, 2),
('2024-10-09 21:30', 'Venta', 2, 'Completada', 5, 1),
('2024-10-09 22:00', 'Venta', 3, 'Completada', 1, 1),
('2024-10-09 22:30', 'Venta', 1, 'Completada', 2, 2),
('2024-10-09 23:00', 'Venta', 2, 'Completada', 3, 1),
('2024-10-10 09:00', 'Venta', 4, 'Completada', 4, 1),
('2024-10-10 09:30', 'Venta', 1, 'Completada', 5, 2),
('2024-10-10 10:00', 'Venta', 3, 'Completada', 1, 1),
('2024-10-10 10:30', 'Venta', 2, 'Completada', 2, 2),
('2024-10-10 11:00', 'Venta', 1, 'Completada', 3, 1),
('2024-10-10 11:30', 'Venta', 4, 'Completada', 4, 1),
('2024-10-10 12:00', 'Venta', 5, 'Completada', 5, 1),
('2024-10-10 12:30', 'Venta', 2, 'Completada', 1, 2),
('2024-10-10 13:00', 'Venta', 3, 'Completada', 2, 2),
('2024-10-10 13:30', 'Venta', 1, 'Completada', 3, 1),
('2024-10-10 14:00', 'Venta', 5, 'Completada', 4, 1),
('2024-10-10 14:30', 'Venta', 3, 'Completada', 5, 2),
('2024-10-10 15:00', 'Venta', 4, 'Completada', 1, 1),
('2024-10-10 15:30', 'Venta', 2, 'Completada', 2, 1),
('2024-10-10 16:00', 'Venta', 3, 'Completada', 3, 1),
('2024-10-10 16:30', 'Venta', 4, 'Completada', 4, 2),
('2024-10-10 17:00', 'Venta', 5, 'Completada', 5, 1),
('2024-10-10 17:30', 'Venta', 1, 'Completada', 1, 1),
('2024-10-10 18:00', 'Venta', 2, 'Completada', 2, 2),
('2024-10-10 18:30', 'Venta', 3, 'Completada', 3, 1),
('2024-10-10 19:00', 'Venta', 4, 'Completada', 4, 2),
('2024-10-10 19:30', 'Venta', 5, 'Completada', 5, 1),
('2024-10-10 20:00', 'Venta', 1, 'Completada', 1, 2),
('2024-10-10 20:30', 'Venta', 2, 'Completada', 2, 1);

-- Transacción 1 (3 asientos)
INSERT INTO Transaccion_Asiento (Estado_Asignacion, Fecha_Hora_Asignacion, ID_Transaccion, Fila, Numero, ID_Sala, ID_Sesion) VALUES
('Asignado', '2024-10-09 14:30', 1, 'A', 1, 1, 1),
('Asignado', '2024-10-09 14:30', 1, 'A', 2, 1, 1),
('Asignado', '2024-10-09 14:30', 1, 'A', 3, 1, 1),

-- Transacción 2 (2 asientos)
('Asignado', '2024-10-09 15:00', 2, 'B', 1, 2, 2),
('Asignado', '2024-10-09 15:00', 2, 'B', 2, 2, 2),

-- Transacción 3 (4 asientos)
('Asignado', '2024-10-09 15:30', 3, 'C', 1, 3, 3),
('Asignado', '2024-10-09 15:30', 3, 'C', 2, 3, 3),
('Asignado', '2024-10-09 15:30', 3, 'C', 3, 3, 3),
('Asignado', '2024-10-09 15:30', 3, 'C', 4, 3, 3),

-- Transacción 4 (anulación, 5 asientos liberados)
('Asignado', '2024-10-09 16:00', 4, 'D', 1, 4, 4),
('Asignado', '2024-10-09 16:00', 4, 'D', 2, 4, 4),
('Asignado', '2024-10-09 16:00', 4, 'D', 3, 4, 4),
('Asignado', '2024-10-09 16:00', 4, 'D', 4, 4, 4),
('Asignado', '2024-10-09 16:00', 4, 'D', 5, 4, 4),

-- Transacción 5 (1 asiento)
('Asignado', '2024-10-09 16:30', 5, 'E', 1, 5, 5),

-- Transacción 6 (2 asientos)
('Asignado', '2024-10-09 17:00', 6, 'A', 1, 1, 1),
('Asignado', '2024-10-09 17:00', 6, 'A', 2, 1, 1),

-- Transacción 7 (3 asientos)
('Asignado', '2024-10-09 17:30', 7, 'B', 1, 2, 2),
('Asignado', '2024-10-09 17:30', 7, 'B', 2, 2, 2),
('Asignado', '2024-10-09 17:30', 7, 'B', 3, 2, 2),

-- Transacción 8 (2 asientos)
('Asignado', '2024-10-09 18:00', 8, 'C', 1, 3, 3),
('Asignado', '2024-10-09 18:00', 8, 'C', 2, 3, 3),

-- Transacción 9 (4 asientos)
('Asignado', '2024-10-09 18:30', 9, 'D', 1, 4, 4),
('Asignado', '2024-10-09 18:30', 9, 'D', 2, 4, 4),
('Asignado', '2024-10-09 18:30', 9, 'D', 3, 4, 4),
('Asignado', '2024-10-09 18:30', 9, 'D', 4, 4, 4),

-- Transacción 10 (2 asientos)
('Asignado', '2024-10-09 19:00', 10, 'A', 1, 1, 1),
('Asignado', '2024-10-09 19:00', 10, 'A', 2, 1, 1),

-- Continuación para las transacciones restantes...

-- Transacción 11 (3 asientos)
('Asignado', '2024-10-09 19:30', 11, 'B', 1, 2, 2),
('Asignado', '2024-10-09 19:30', 11, 'B', 2, 2, 2),
('Asignado', '2024-10-09 19:30', 11, 'B', 3, 2, 2),

-- Transacción 12 (3 asientos)
('Asignado', '2024-10-09 20:00', 12, 'C', 1, 3, 3),
('Asignado', '2024-10-09 20:00', 12, 'C', 2, 3, 3),
('Asignado', '2024-10-09 20:00', 12, 'C', 3, 3, 3),

-- Transacción 13 (3 asientos)
('Asignado', '2024-10-09 20:30', 13, 'D', 1, 4, 4),
('Asignado', '2024-10-09 20:30', 13, 'D', 2, 4, 4),
('Asignado', '2024-10-09 20:30', 13, 'D', 3, 4, 4),

-- Transacción 14 (2 asientos)
('Asignado', '2024-10-09 21:00', 14, 'E', 1, 5, 5),
('Asignado', '2024-10-09 21:00', 14, 'E', 2, 5, 5),

-- Transacción 15 (2 asientos)
('Asignado', '2024-10-09 21:30', 15, 'A', 1, 1, 1),
('Asignado', '2024-10-09 21:30', 15, 'A', 2, 1, 1),

-- Transacción 16 (2 asientos)
('Asignado', '2024-10-09 22:00', 16, 'B', 1, 2, 2),
('Asignado', '2024-10-09 22:00', 16, 'B', 2, 2, 2),

-- Transacción 17 (2 asientos)
('Asignado', '2024-10-09 22:30', 17, 'C', 1, 3, 3),
('Asignado', '2024-10-09 22:30', 17, 'C', 2, 3, 3),

-- Transacción 18 (2 asientos)
('Asignado', '2024-10-10 09:00', 18, 'D', 1, 4, 4),
('Asignado', '2024-10-10 09:00', 18, 'D', 2, 4, 4),

-- Transacción 19 (2 asientos)
('Asignado', '2024-10-10 09:30', 19, 'E', 1, 5, 5),
('Asignado', '2024-10-10 09:30', 19, 'E', 2, 5, 5),

('Asignado', '2024-10-10 23:30', 20, 'F', 1, 5, 5),
('Asignado', '2024-10-10 23:30', 20, 'F', 2, 5, 5),
('Asignado', '2024-10-11 00:00', 20, 'F', 3, 5, 5),
('Asignado', '2024-10-11 00:00', 20, 'F', 4, 5, 5);